--
-- PostgreSQL database dump
--

-- Dumped from database version 16.0
-- Dumped by pg_dump version 16.0

SET statement_timeout = 0;
SET lock_timeout = 0;
SET idle_in_transaction_session_timeout = 0;
SET client_encoding = 'UTF8';
SET standard_conforming_strings = on;
SELECT pg_catalog.set_config('search_path', '', false);
SET check_function_bodies = false;
SET xmloption = content;
SET client_min_messages = warning;
SET row_security = off;

SET default_tablespace = '';

SET default_table_access_method = heap;

--
-- Name: auth_group; Type: TABLE; Schema: public; Owner: postgres
--

CREATE TABLE public.auth_group (
    id integer NOT NULL,
    name character varying(150) NOT NULL
);


ALTER TABLE public.auth_group OWNER TO postgres;

--
-- Name: auth_group_id_seq; Type: SEQUENCE; Schema: public; Owner: postgres
--

ALTER TABLE public.auth_group ALTER COLUMN id ADD GENERATED BY DEFAULT AS IDENTITY (
    SEQUENCE NAME public.auth_group_id_seq
    START WITH 1
    INCREMENT BY 1
    NO MINVALUE
    NO MAXVALUE
    CACHE 1
);


--
-- Name: auth_group_permissions; Type: TABLE; Schema: public; Owner: postgres
--

CREATE TABLE public.auth_group_permissions (
    id bigint NOT NULL,
    group_id integer NOT NULL,
    permission_id integer NOT NULL
);


ALTER TABLE public.auth_group_permissions OWNER TO postgres;

--
-- Name: auth_group_permissions_id_seq; Type: SEQUENCE; Schema: public; Owner: postgres
--

ALTER TABLE public.auth_group_permissions ALTER COLUMN id ADD GENERATED BY DEFAULT AS IDENTITY (
    SEQUENCE NAME public.auth_group_permissions_id_seq
    START WITH 1
    INCREMENT BY 1
    NO MINVALUE
    NO MAXVALUE
    CACHE 1
);


--
-- Name: auth_permission; Type: TABLE; Schema: public; Owner: postgres
--

CREATE TABLE public.auth_permission (
    id integer NOT NULL,
    name character varying(255) NOT NULL,
    content_type_id integer NOT NULL,
    codename character varying(100) NOT NULL
);


ALTER TABLE public.auth_permission OWNER TO postgres;

--
-- Name: auth_permission_id_seq; Type: SEQUENCE; Schema: public; Owner: postgres
--

ALTER TABLE public.auth_permission ALTER COLUMN id ADD GENERATED BY DEFAULT AS IDENTITY (
    SEQUENCE NAME public.auth_permission_id_seq
    START WITH 1
    INCREMENT BY 1
    NO MINVALUE
    NO MAXVALUE
    CACHE 1
);


--
-- Name: auth_user; Type: TABLE; Schema: public; Owner: postgres
--

CREATE TABLE public.auth_user (
    id integer NOT NULL,
    password character varying(128) NOT NULL,
    last_login timestamp with time zone,
    is_superuser boolean NOT NULL,
    username character varying(150) NOT NULL,
    first_name character varying(150) NOT NULL,
    last_name character varying(150) NOT NULL,
    email character varying(254) NOT NULL,
    is_staff boolean NOT NULL,
    is_active boolean NOT NULL,
    date_joined timestamp with time zone NOT NULL
);


ALTER TABLE public.auth_user OWNER TO postgres;

--
-- Name: auth_user_groups; Type: TABLE; Schema: public; Owner: postgres
--

CREATE TABLE public.auth_user_groups (
    id bigint NOT NULL,
    user_id integer NOT NULL,
    group_id integer NOT NULL
);


ALTER TABLE public.auth_user_groups OWNER TO postgres;

--
-- Name: auth_user_groups_id_seq; Type: SEQUENCE; Schema: public; Owner: postgres
--

ALTER TABLE public.auth_user_groups ALTER COLUMN id ADD GENERATED BY DEFAULT AS IDENTITY (
    SEQUENCE NAME public.auth_user_groups_id_seq
    START WITH 1
    INCREMENT BY 1
    NO MINVALUE
    NO MAXVALUE
    CACHE 1
);


--
-- Name: auth_user_id_seq; Type: SEQUENCE; Schema: public; Owner: postgres
--

ALTER TABLE public.auth_user ALTER COLUMN id ADD GENERATED BY DEFAULT AS IDENTITY (
    SEQUENCE NAME public.auth_user_id_seq
    START WITH 1
    INCREMENT BY 1
    NO MINVALUE
    NO MAXVALUE
    CACHE 1
);


--
-- Name: auth_user_user_permissions; Type: TABLE; Schema: public; Owner: postgres
--

CREATE TABLE public.auth_user_user_permissions (
    id bigint NOT NULL,
    user_id integer NOT NULL,
    permission_id integer NOT NULL
);


ALTER TABLE public.auth_user_user_permissions OWNER TO postgres;

--
-- Name: auth_user_user_permissions_id_seq; Type: SEQUENCE; Schema: public; Owner: postgres
--

ALTER TABLE public.auth_user_user_permissions ALTER COLUMN id ADD GENERATED BY DEFAULT AS IDENTITY (
    SEQUENCE NAME public.auth_user_user_permissions_id_seq
    START WITH 1
    INCREMENT BY 1
    NO MINVALUE
    NO MAXVALUE
    CACHE 1
);


--
-- Name: django_admin_log; Type: TABLE; Schema: public; Owner: postgres
--

CREATE TABLE public.django_admin_log (
    id integer NOT NULL,
    action_time timestamp with time zone NOT NULL,
    object_id text,
    object_repr character varying(200) NOT NULL,
    action_flag smallint NOT NULL,
    change_message text NOT NULL,
    content_type_id integer,
    user_id integer NOT NULL,
    CONSTRAINT django_admin_log_action_flag_check CHECK ((action_flag >= 0))
);


ALTER TABLE public.django_admin_log OWNER TO postgres;

--
-- Name: django_admin_log_id_seq; Type: SEQUENCE; Schema: public; Owner: postgres
--

ALTER TABLE public.django_admin_log ALTER COLUMN id ADD GENERATED BY DEFAULT AS IDENTITY (
    SEQUENCE NAME public.django_admin_log_id_seq
    START WITH 1
    INCREMENT BY 1
    NO MINVALUE
    NO MAXVALUE
    CACHE 1
);


--
-- Name: django_content_type; Type: TABLE; Schema: public; Owner: postgres
--

CREATE TABLE public.django_content_type (
    id integer NOT NULL,
    app_label character varying(100) NOT NULL,
    model character varying(100) NOT NULL
);


ALTER TABLE public.django_content_type OWNER TO postgres;

--
-- Name: django_content_type_id_seq; Type: SEQUENCE; Schema: public; Owner: postgres
--

ALTER TABLE public.django_content_type ALTER COLUMN id ADD GENERATED BY DEFAULT AS IDENTITY (
    SEQUENCE NAME public.django_content_type_id_seq
    START WITH 1
    INCREMENT BY 1
    NO MINVALUE
    NO MAXVALUE
    CACHE 1
);


--
-- Name: django_migrations; Type: TABLE; Schema: public; Owner: postgres
--

CREATE TABLE public.django_migrations (
    id bigint NOT NULL,
    app character varying(255) NOT NULL,
    name character varying(255) NOT NULL,
    applied timestamp with time zone NOT NULL
);


ALTER TABLE public.django_migrations OWNER TO postgres;

--
-- Name: django_migrations_id_seq; Type: SEQUENCE; Schema: public; Owner: postgres
--

ALTER TABLE public.django_migrations ALTER COLUMN id ADD GENERATED BY DEFAULT AS IDENTITY (
    SEQUENCE NAME public.django_migrations_id_seq
    START WITH 1
    INCREMENT BY 1
    NO MINVALUE
    NO MAXVALUE
    CACHE 1
);


--
-- Name: django_session; Type: TABLE; Schema: public; Owner: postgres
--

CREATE TABLE public.django_session (
    session_key character varying(40) NOT NULL,
    session_data text NOT NULL,
    expire_date timestamp with time zone NOT NULL
);


ALTER TABLE public.django_session OWNER TO postgres;

--
-- Name: lms_admin; Type: TABLE; Schema: public; Owner: postgres
--

CREATE TABLE public.lms_admin (
    id bigint NOT NULL,
    username character varying(100) NOT NULL,
    email character varying(150) NOT NULL,
    password character varying(150) NOT NULL
);


ALTER TABLE public.lms_admin OWNER TO postgres;

--
-- Name: lms_admin_id_seq; Type: SEQUENCE; Schema: public; Owner: postgres
--

ALTER TABLE public.lms_admin ALTER COLUMN id ADD GENERATED BY DEFAULT AS IDENTITY (
    SEQUENCE NAME public.lms_admin_id_seq
    START WITH 1
    INCREMENT BY 1
    NO MINVALUE
    NO MAXVALUE
    CACHE 1
);


--
-- Name: lms_book; Type: TABLE; Schema: public; Owner: postgres
--

CREATE TABLE public.lms_book (
    id bigint NOT NULL,
    isbn character varying(13) NOT NULL,
    title character varying(300) NOT NULL,
    author character varying(300) NOT NULL,
    pub_date integer NOT NULL,
    category character varying(250) NOT NULL,
    barcode character varying(100),
    is_borrowed boolean NOT NULL,
    created_date timestamp with time zone NOT NULL,
    updated_date timestamp with time zone NOT NULL
);


ALTER TABLE public.lms_book OWNER TO postgres;

--
-- Name: lms_book_id_seq; Type: SEQUENCE; Schema: public; Owner: postgres
--

ALTER TABLE public.lms_book ALTER COLUMN id ADD GENERATED BY DEFAULT AS IDENTITY (
    SEQUENCE NAME public.lms_book_id_seq
    START WITH 1
    INCREMENT BY 1
    NO MINVALUE
    NO MAXVALUE
    CACHE 1
);


--
-- Name: lms_borrow; Type: TABLE; Schema: public; Owner: postgres
--

CREATE TABLE public.lms_borrow (
    id bigint NOT NULL,
    id_book integer NOT NULL,
    id_user integer NOT NULL,
    borrow_date timestamp with time zone NOT NULL,
    return_date timestamp with time zone NOT NULL,
    is_return boolean NOT NULL,
    updated_date timestamp with time zone NOT NULL,
    note character varying(250)
);


ALTER TABLE public.lms_borrow OWNER TO postgres;

--
-- Name: lms_borrow_id_seq; Type: SEQUENCE; Schema: public; Owner: postgres
--

ALTER TABLE public.lms_borrow ALTER COLUMN id ADD GENERATED BY DEFAULT AS IDENTITY (
    SEQUENCE NAME public.lms_borrow_id_seq
    START WITH 1
    INCREMENT BY 1
    NO MINVALUE
    NO MAXVALUE
    CACHE 1
);


--
-- Name: lms_librarian; Type: TABLE; Schema: public; Owner: postgres
--

CREATE TABLE public.lms_librarian (
    id bigint NOT NULL,
    firstname character varying(150) NOT NULL,
    lastname character varying(150) NOT NULL,
    address character varying(150) NOT NULL,
    mail character varying(150) NOT NULL,
    password character varying(150) NOT NULL,
    created_date timestamp with time zone NOT NULL,
    updated_date timestamp with time zone NOT NULL
);


ALTER TABLE public.lms_librarian OWNER TO postgres;

--
-- Name: lms_librarian_id_seq; Type: SEQUENCE; Schema: public; Owner: postgres
--

ALTER TABLE public.lms_librarian ALTER COLUMN id ADD GENERATED BY DEFAULT AS IDENTITY (
    SEQUENCE NAME public.lms_librarian_id_seq
    START WITH 1
    INCREMENT BY 1
    NO MINVALUE
    NO MAXVALUE
    CACHE 1
);


--
-- Name: lms_member; Type: TABLE; Schema: public; Owner: postgres
--

CREATE TABLE public.lms_member (
    id bigint NOT NULL,
    firstname character varying(150) NOT NULL,
    lastname character varying(150) NOT NULL,
    address character varying(150) NOT NULL,
    mail character varying(150) NOT NULL,
    password character varying(150) NOT NULL,
    created_date timestamp with time zone NOT NULL,
    updated_date timestamp with time zone NOT NULL
);


ALTER TABLE public.lms_member OWNER TO postgres;

--
-- Name: lms_member_id_seq; Type: SEQUENCE; Schema: public; Owner: postgres
--

ALTER TABLE public.lms_member ALTER COLUMN id ADD GENERATED BY DEFAULT AS IDENTITY (
    SEQUENCE NAME public.lms_member_id_seq
    START WITH 1
    INCREMENT BY 1
    NO MINVALUE
    NO MAXVALUE
    CACHE 1
);


--
-- Data for Name: auth_group; Type: TABLE DATA; Schema: public; Owner: postgres
--

COPY public.auth_group (id, name) FROM stdin;
\.


--
-- Data for Name: auth_group_permissions; Type: TABLE DATA; Schema: public; Owner: postgres
--

COPY public.auth_group_permissions (id, group_id, permission_id) FROM stdin;
\.


--
-- Data for Name: auth_permission; Type: TABLE DATA; Schema: public; Owner: postgres
--

COPY public.auth_permission (id, name, content_type_id, codename) FROM stdin;
1	Can add log entry	1	add_logentry
2	Can change log entry	1	change_logentry
3	Can delete log entry	1	delete_logentry
4	Can view log entry	1	view_logentry
5	Can add permission	2	add_permission
6	Can change permission	2	change_permission
7	Can delete permission	2	delete_permission
8	Can view permission	2	view_permission
9	Can add group	3	add_group
10	Can change group	3	change_group
11	Can delete group	3	delete_group
12	Can view group	3	view_group
13	Can add user	4	add_user
14	Can change user	4	change_user
15	Can delete user	4	delete_user
16	Can view user	4	view_user
17	Can add content type	5	add_contenttype
18	Can change content type	5	change_contenttype
19	Can delete content type	5	delete_contenttype
20	Can view content type	5	view_contenttype
21	Can add session	6	add_session
22	Can change session	6	change_session
23	Can delete session	6	delete_session
24	Can view session	6	view_session
25	Can add admin	7	add_admin
26	Can change admin	7	change_admin
27	Can delete admin	7	delete_admin
28	Can view admin	7	view_admin
29	Can add book	8	add_book
30	Can change book	8	change_book
31	Can delete book	8	delete_book
32	Can view book	8	view_book
33	Can add borrow	9	add_borrow
34	Can change borrow	9	change_borrow
35	Can delete borrow	9	delete_borrow
36	Can view borrow	9	view_borrow
37	Can add librarian	10	add_librarian
38	Can change librarian	10	change_librarian
39	Can delete librarian	10	delete_librarian
40	Can view librarian	10	view_librarian
41	Can add member	11	add_member
42	Can change member	11	change_member
43	Can delete member	11	delete_member
44	Can view member	11	view_member
\.


--
-- Data for Name: auth_user; Type: TABLE DATA; Schema: public; Owner: postgres
--

COPY public.auth_user (id, password, last_login, is_superuser, username, first_name, last_name, email, is_staff, is_active, date_joined) FROM stdin;
1	pbkdf2_sha256$720000$muOtTok6FTed1LtIjGKIq9$dwtdb4O0UQUPdPwCu3oksPdkwLRvqGYjcn8OTODn1mQ=	2024-03-11 10:43:51.663178+03	t	rahalahifaliako			rahalahifaliako.t@zurcher.edu.mg	t	t	2024-03-10 19:49:10.796891+03
\.


--
-- Data for Name: auth_user_groups; Type: TABLE DATA; Schema: public; Owner: postgres
--

COPY public.auth_user_groups (id, user_id, group_id) FROM stdin;
\.


--
-- Data for Name: auth_user_user_permissions; Type: TABLE DATA; Schema: public; Owner: postgres
--

COPY public.auth_user_user_permissions (id, user_id, permission_id) FROM stdin;
\.


--
-- Data for Name: django_admin_log; Type: TABLE DATA; Schema: public; Owner: postgres
--

COPY public.django_admin_log (id, action_time, object_id, object_repr, action_flag, change_message, content_type_id, user_id) FROM stdin;
1	2024-03-10 19:50:03.519201+03	1	Tholde	1	[{"added": {}}]	10	1
2	2024-03-10 19:59:27.927926+03	1	Ambanimaso	3		11	1
3	2024-03-10 21:11:53.785223+03	1	rahalahifaliako	1	[{"added": {}}]	7	1
4	2024-03-10 21:14:45.749441+03	1	rahalahifaliako	3		7	1
5	2024-03-10 21:14:53.865281+03	None	rahalahifaliako	1	[{"added": {}}]	7	1
6	2024-03-11 05:26:33.769022+03	3	ambanimaso	2	[{"changed": {"fields": ["Password"]}}]	7	1
7	2024-03-11 09:40:25.264334+03	1	Borrow object (1)	2	[{"changed": {"fields": ["Return date"]}}]	9	1
8	2024-03-11 11:38:51.833308+03	4	Borrow object (4)	2	[{"changed": {"fields": ["Return date"]}}]	9	1
9	2024-03-11 11:48:04.402902+03	5	Borrow object (5)	2	[{"changed": {"fields": ["Return date"]}}]	9	1
10	2024-03-11 11:59:28.769218+03	6	Borrow object (6)	2	[{"changed": {"fields": ["Return date"]}}]	9	1
\.


--
-- Data for Name: django_content_type; Type: TABLE DATA; Schema: public; Owner: postgres
--

COPY public.django_content_type (id, app_label, model) FROM stdin;
1	admin	logentry
2	auth	permission
3	auth	group
4	auth	user
5	contenttypes	contenttype
6	sessions	session
7	lms	admin
8	lms	book
9	lms	borrow
10	lms	librarian
11	lms	member
\.


--
-- Data for Name: django_migrations; Type: TABLE DATA; Schema: public; Owner: postgres
--

COPY public.django_migrations (id, app, name, applied) FROM stdin;
1	contenttypes	0001_initial	2024-03-10 19:46:11.407401+03
2	auth	0001_initial	2024-03-10 19:46:12.096603+03
3	admin	0001_initial	2024-03-10 19:46:12.23183+03
4	admin	0002_logentry_remove_auto_add	2024-03-10 19:46:12.245936+03
5	admin	0003_logentry_add_action_flag_choices	2024-03-10 19:46:12.257942+03
6	contenttypes	0002_remove_content_type_name	2024-03-10 19:46:12.296179+03
7	auth	0002_alter_permission_name_max_length	2024-03-10 19:46:12.305185+03
8	auth	0003_alter_user_email_max_length	2024-03-10 19:46:12.317717+03
9	auth	0004_alter_user_username_opts	2024-03-10 19:46:12.330866+03
10	auth	0005_alter_user_last_login_null	2024-03-10 19:46:12.33986+03
11	auth	0006_require_contenttypes_0002	2024-03-10 19:46:12.341867+03
12	auth	0007_alter_validators_add_error_messages	2024-03-10 19:46:12.351865+03
13	auth	0008_alter_user_username_max_length	2024-03-10 19:46:12.405876+03
14	auth	0009_alter_user_last_name_max_length	2024-03-10 19:46:12.418407+03
15	auth	0010_alter_group_name_max_length	2024-03-10 19:46:12.429527+03
16	auth	0011_update_proxy_permissions	2024-03-10 19:46:12.440523+03
17	auth	0012_alter_user_first_name_max_length	2024-03-10 19:46:12.45283+03
18	lms	0001_initial	2024-03-10 19:46:12.988727+03
19	lms	0002_alter_book_created_date_alter_book_pub_date_and_more	2024-03-10 19:46:13.007744+03
20	lms	0003_alter_book_updated_date_alter_borrow_updated_date_and_more	2024-03-10 19:46:13.019381+03
21	lms	0004_alter_book_updated_date_alter_borrow_updated_date_and_more	2024-03-10 19:46:13.032593+03
22	lms	0005_alter_book_updated_date_alter_borrow_updated_date_and_more	2024-03-10 19:46:13.048781+03
23	sessions	0001_initial	2024-03-10 19:46:13.164305+03
24	lms	0006_borrow_note_alter_borrow_return_date	2024-03-11 07:33:19.150891+03
\.


--
-- Data for Name: django_session; Type: TABLE DATA; Schema: public; Owner: postgres
--

COPY public.django_session (session_key, session_data, expire_date) FROM stdin;
wrqa0x38m51knzoib0a1h1r54r7uovom	.eJxVjksOAiEQRO_C2hCablBcuvcMk4ZmHPxAMp-V8e46Zha6rVdVeU_V8TIP3TLlsSuijgrU7jeLnG65rkCuXC9Np1bnsUS9VvRGJ31uku-nrft3MPA0fNbE5HpwMQoGz95jf0BgCQTU5wTsIXifQ0DLZA0SOjI2OQN7NA7NasXyKPUria83pZU6TA:1rjVOB:29tZ4qKCzDdq23z7CeIelYYz-B8t3gmnmIZaeo3cePA	2024-03-25 05:27:43.789597+03
k7vxvtu0d9jmcu0oj60ocgpfi7be7nhv	.eJxVjjsOwjAQRO_iGlne7NpgSnrOYK1_JBDZUpxUiLuDRQpo582M3lM43tbRbS0tboriLEAcfjPP4ZFKB_HO5VZlqGVdJi97Re60yWuNab7s3b-Dkdv4WROTzqC9j2gNG4P5hMDRElBOAdiANSZZiwPToJBQkxqCVnBEpVF1q9l_FeH1BjB6OYE:1rjbYJ:8-9ulCf0a5kbSMdn84yKN84eltn-wWRWraKKkTk5jzE	2024-03-25 12:02:35.259421+03
26crduxzi3vogfhmvhj9o74glvzvlit8	e30:1rlsGP:Mb0x9jf-qXxG7midE4XL6Da2YHAPaQiy0oypHkzJ_J4	2024-03-31 18:17:29.690807+03
\.


--
-- Data for Name: lms_admin; Type: TABLE DATA; Schema: public; Owner: postgres
--

COPY public.lms_admin (id, username, email, password) FROM stdin;
3	Ambanimaso	ambanimaso.society@am.mg	ambany
2	Rahalahifaliako	tholde.pathfinder@gmail.com	rahalahifaliako123
\.


--
-- Data for Name: lms_book; Type: TABLE DATA; Schema: public; Owner: postgres
--

COPY public.lms_book (id, isbn, title, author, pub_date, category, barcode, is_borrowed, created_date, updated_date) FROM stdin;
2	1003647137700	The Boys Scout	Robert Baden Powell	1900	Philosophy	barcode_image/1003647137700.png	f	2024-03-10 23:04:48.675628+03	2024-03-10 23:04:48.675628+03
3	1003541727941	When God said Remember	Mark Finley	1956	Biblic	barcode_image/1003541727941.png	f	2024-03-10 23:05:12.152416+03	2024-03-10 23:05:12.152416+03
4	1002634464270	The Happy Small Path	Lawrence Maxwell	1950	Tradition	barcode_image/1002634464270.png	f	2024-03-10 23:05:54.32228+03	2024-03-10 23:05:54.32228+03
7	1000220404770	Histoire de la Rédemption	Ellen G. White	1890	EWG	barcode_image/1000220404770.png	f	2024-03-10 23:08:16.109406+03	2024-03-10 23:08:16.109406+03
8	1000122054627	The Great Controversy	Ellen G. White	1907	EWG	barcode_image/1000122054627.png	f	2024-03-10 23:08:39.274083+03	2024-03-10 23:08:39.274083+03
11	1000460234684	Vakivakimpiainana	Iharilanto Patrick ANDRIAMANGATIANA	2003	Drama	barcode_image/1000460234684.png	f	2024-03-10 23:09:49.099579+03	2024-03-10 23:09:49.099579+03
9	1004867385452	Jesus Christ	Ellen G. White	1905	EWG	barcode_image/1004867385452.png	f	2024-03-10 23:09:03.030517+03	2024-03-10 23:09:03.030517+03
6	1007598293576	NY BAIBOLY	La Société Biblique Malgache	1965	Biblic	barcode_image/1007598293576.png	f	2024-03-10 23:07:20.781559+03	2024-03-10 23:07:20.781559+03
10	1007001321396	Life is Good	Man Life	1650	Tradition	barcode_image/1007001321396.png	f	2024-03-10 23:09:29.774724+03	2024-03-10 23:09:29.774724+03
5	1002496306730	C Programming	Stevee Worthington	1988	Science	barcode_image/1002496306730.png	f	2024-03-10 23:06:28.490217+03	2024-03-10 23:06:28.490217+03
1	1002085414442	The Jungle Book	Rudyard Kipling	1984	Historical	barcode_image/1002085414442.png	f	2024-03-10 23:03:39.092956+03	2024-03-13 19:54:42.325839+03
\.


--
-- Data for Name: lms_borrow; Type: TABLE DATA; Schema: public; Owner: postgres
--

COPY public.lms_borrow (id, id_book, id_user, borrow_date, return_date, is_return, updated_date, note) FROM stdin;
2	10	2	2024-03-11 09:47:04.620294+03	2024-03-14 09:47:04.620294+03	t	2024-03-11 09:47:04.620294+03	late -3 days
3	9	2	2024-03-11 10:25:54.66264+03	2024-03-14 10:25:54.66264+03	t	2024-03-11 10:25:54.66264+03	normal
4	6	2	2024-03-11 10:37:52+03	2024-03-01 10:37:52+03	t	2024-03-11 10:37:52+03	late 10 days
5	10	2	2024-03-11 11:47:28+03	2024-03-04 11:47:28+03	t	2024-03-11 11:47:28+03	late 7 days
6	5	2	2024-03-08 12:28:00+03	2024-03-11 17:35:00+03	t	2024-03-11 11:58:56+03	late 10 days
\.


--
-- Data for Name: lms_librarian; Type: TABLE DATA; Schema: public; Owner: postgres
--

COPY public.lms_librarian (id, firstname, lastname, address, mail, password, created_date, updated_date) FROM stdin;
1	Tholde Navajoh	RAHALAHIFALIAKO	Sambaina Gare	tholde.pathfinder@gmail.com	tholde	2024-03-10 19:49:58+03	2024-03-11 00:04:49.681064+03
\.


--
-- Data for Name: lms_member; Type: TABLE DATA; Schema: public; Owner: postgres
--

COPY public.lms_member (id, firstname, lastname, address, mail, password, created_date, updated_date) FROM stdin;
2	Ambanimaso	Mamiratra	Ambohimena	ambanimaso.society@am.mg	pbkdf2_sha256$720000$gjTwIUDRs3P0DeeCZnl1Rz$ZktcuyWHKMD1QjQFumtfOUwK7/vpCuosS8DizpCEsfQ=	2024-03-10 23:00:09.885568+03	2024-03-11 09:39:48.59849+03
\.


--
-- Name: auth_group_id_seq; Type: SEQUENCE SET; Schema: public; Owner: postgres
--

SELECT pg_catalog.setval('public.auth_group_id_seq', 1, false);


--
-- Name: auth_group_permissions_id_seq; Type: SEQUENCE SET; Schema: public; Owner: postgres
--

SELECT pg_catalog.setval('public.auth_group_permissions_id_seq', 1, false);


--
-- Name: auth_permission_id_seq; Type: SEQUENCE SET; Schema: public; Owner: postgres
--

SELECT pg_catalog.setval('public.auth_permission_id_seq', 44, true);


--
-- Name: auth_user_groups_id_seq; Type: SEQUENCE SET; Schema: public; Owner: postgres
--

SELECT pg_catalog.setval('public.auth_user_groups_id_seq', 1, false);


--
-- Name: auth_user_id_seq; Type: SEQUENCE SET; Schema: public; Owner: postgres
--

SELECT pg_catalog.setval('public.auth_user_id_seq', 1, true);


--
-- Name: auth_user_user_permissions_id_seq; Type: SEQUENCE SET; Schema: public; Owner: postgres
--

SELECT pg_catalog.setval('public.auth_user_user_permissions_id_seq', 1, false);


--
-- Name: django_admin_log_id_seq; Type: SEQUENCE SET; Schema: public; Owner: postgres
--

SELECT pg_catalog.setval('public.django_admin_log_id_seq', 10, true);


--
-- Name: django_content_type_id_seq; Type: SEQUENCE SET; Schema: public; Owner: postgres
--

SELECT pg_catalog.setval('public.django_content_type_id_seq', 11, true);


--
-- Name: django_migrations_id_seq; Type: SEQUENCE SET; Schema: public; Owner: postgres
--

SELECT pg_catalog.setval('public.django_migrations_id_seq', 24, true);


--
-- Name: lms_admin_id_seq; Type: SEQUENCE SET; Schema: public; Owner: postgres
--

SELECT pg_catalog.setval('public.lms_admin_id_seq', 4, true);


--
-- Name: lms_book_id_seq; Type: SEQUENCE SET; Schema: public; Owner: postgres
--

SELECT pg_catalog.setval('public.lms_book_id_seq', 12, true);


--
-- Name: lms_borrow_id_seq; Type: SEQUENCE SET; Schema: public; Owner: postgres
--

SELECT pg_catalog.setval('public.lms_borrow_id_seq', 6, true);


--
-- Name: lms_librarian_id_seq; Type: SEQUENCE SET; Schema: public; Owner: postgres
--

SELECT pg_catalog.setval('public.lms_librarian_id_seq', 2, true);


--
-- Name: lms_member_id_seq; Type: SEQUENCE SET; Schema: public; Owner: postgres
--

SELECT pg_catalog.setval('public.lms_member_id_seq', 2, true);


--
-- Name: auth_group auth_group_name_key; Type: CONSTRAINT; Schema: public; Owner: postgres
--

ALTER TABLE ONLY public.auth_group
    ADD CONSTRAINT auth_group_name_key UNIQUE (name);


--
-- Name: auth_group_permissions auth_group_permissions_group_id_permission_id_0cd325b0_uniq; Type: CONSTRAINT; Schema: public; Owner: postgres
--

ALTER TABLE ONLY public.auth_group_permissions
    ADD CONSTRAINT auth_group_permissions_group_id_permission_id_0cd325b0_uniq UNIQUE (group_id, permission_id);


--
-- Name: auth_group_permissions auth_group_permissions_pkey; Type: CONSTRAINT; Schema: public; Owner: postgres
--

ALTER TABLE ONLY public.auth_group_permissions
    ADD CONSTRAINT auth_group_permissions_pkey PRIMARY KEY (id);


--
-- Name: auth_group auth_group_pkey; Type: CONSTRAINT; Schema: public; Owner: postgres
--

ALTER TABLE ONLY public.auth_group
    ADD CONSTRAINT auth_group_pkey PRIMARY KEY (id);


--
-- Name: auth_permission auth_permission_content_type_id_codename_01ab375a_uniq; Type: CONSTRAINT; Schema: public; Owner: postgres
--

ALTER TABLE ONLY public.auth_permission
    ADD CONSTRAINT auth_permission_content_type_id_codename_01ab375a_uniq UNIQUE (content_type_id, codename);


--
-- Name: auth_permission auth_permission_pkey; Type: CONSTRAINT; Schema: public; Owner: postgres
--

ALTER TABLE ONLY public.auth_permission
    ADD CONSTRAINT auth_permission_pkey PRIMARY KEY (id);


--
-- Name: auth_user_groups auth_user_groups_pkey; Type: CONSTRAINT; Schema: public; Owner: postgres
--

ALTER TABLE ONLY public.auth_user_groups
    ADD CONSTRAINT auth_user_groups_pkey PRIMARY KEY (id);


--
-- Name: auth_user_groups auth_user_groups_user_id_group_id_94350c0c_uniq; Type: CONSTRAINT; Schema: public; Owner: postgres
--

ALTER TABLE ONLY public.auth_user_groups
    ADD CONSTRAINT auth_user_groups_user_id_group_id_94350c0c_uniq UNIQUE (user_id, group_id);


--
-- Name: auth_user auth_user_pkey; Type: CONSTRAINT; Schema: public; Owner: postgres
--

ALTER TABLE ONLY public.auth_user
    ADD CONSTRAINT auth_user_pkey PRIMARY KEY (id);


--
-- Name: auth_user_user_permissions auth_user_user_permissions_pkey; Type: CONSTRAINT; Schema: public; Owner: postgres
--

ALTER TABLE ONLY public.auth_user_user_permissions
    ADD CONSTRAINT auth_user_user_permissions_pkey PRIMARY KEY (id);


--
-- Name: auth_user_user_permissions auth_user_user_permissions_user_id_permission_id_14a6b632_uniq; Type: CONSTRAINT; Schema: public; Owner: postgres
--

ALTER TABLE ONLY public.auth_user_user_permissions
    ADD CONSTRAINT auth_user_user_permissions_user_id_permission_id_14a6b632_uniq UNIQUE (user_id, permission_id);


--
-- Name: auth_user auth_user_username_key; Type: CONSTRAINT; Schema: public; Owner: postgres
--

ALTER TABLE ONLY public.auth_user
    ADD CONSTRAINT auth_user_username_key UNIQUE (username);


--
-- Name: django_admin_log django_admin_log_pkey; Type: CONSTRAINT; Schema: public; Owner: postgres
--

ALTER TABLE ONLY public.django_admin_log
    ADD CONSTRAINT django_admin_log_pkey PRIMARY KEY (id);


--
-- Name: django_content_type django_content_type_app_label_model_76bd3d3b_uniq; Type: CONSTRAINT; Schema: public; Owner: postgres
--

ALTER TABLE ONLY public.django_content_type
    ADD CONSTRAINT django_content_type_app_label_model_76bd3d3b_uniq UNIQUE (app_label, model);


--
-- Name: django_content_type django_content_type_pkey; Type: CONSTRAINT; Schema: public; Owner: postgres
--

ALTER TABLE ONLY public.django_content_type
    ADD CONSTRAINT django_content_type_pkey PRIMARY KEY (id);


--
-- Name: django_migrations django_migrations_pkey; Type: CONSTRAINT; Schema: public; Owner: postgres
--

ALTER TABLE ONLY public.django_migrations
    ADD CONSTRAINT django_migrations_pkey PRIMARY KEY (id);


--
-- Name: django_session django_session_pkey; Type: CONSTRAINT; Schema: public; Owner: postgres
--

ALTER TABLE ONLY public.django_session
    ADD CONSTRAINT django_session_pkey PRIMARY KEY (session_key);


--
-- Name: lms_admin lms_admin_pkey; Type: CONSTRAINT; Schema: public; Owner: postgres
--

ALTER TABLE ONLY public.lms_admin
    ADD CONSTRAINT lms_admin_pkey PRIMARY KEY (id);


--
-- Name: lms_book lms_book_pkey; Type: CONSTRAINT; Schema: public; Owner: postgres
--

ALTER TABLE ONLY public.lms_book
    ADD CONSTRAINT lms_book_pkey PRIMARY KEY (id);


--
-- Name: lms_borrow lms_borrow_pkey; Type: CONSTRAINT; Schema: public; Owner: postgres
--

ALTER TABLE ONLY public.lms_borrow
    ADD CONSTRAINT lms_borrow_pkey PRIMARY KEY (id);


--
-- Name: lms_librarian lms_librarian_pkey; Type: CONSTRAINT; Schema: public; Owner: postgres
--

ALTER TABLE ONLY public.lms_librarian
    ADD CONSTRAINT lms_librarian_pkey PRIMARY KEY (id);


--
-- Name: lms_member lms_member_pkey; Type: CONSTRAINT; Schema: public; Owner: postgres
--

ALTER TABLE ONLY public.lms_member
    ADD CONSTRAINT lms_member_pkey PRIMARY KEY (id);


--
-- Name: auth_group_name_a6ea08ec_like; Type: INDEX; Schema: public; Owner: postgres
--

CREATE INDEX auth_group_name_a6ea08ec_like ON public.auth_group USING btree (name varchar_pattern_ops);


--
-- Name: auth_group_permissions_group_id_b120cbf9; Type: INDEX; Schema: public; Owner: postgres
--

CREATE INDEX auth_group_permissions_group_id_b120cbf9 ON public.auth_group_permissions USING btree (group_id);


--
-- Name: auth_group_permissions_permission_id_84c5c92e; Type: INDEX; Schema: public; Owner: postgres
--

CREATE INDEX auth_group_permissions_permission_id_84c5c92e ON public.auth_group_permissions USING btree (permission_id);


--
-- Name: auth_permission_content_type_id_2f476e4b; Type: INDEX; Schema: public; Owner: postgres
--

CREATE INDEX auth_permission_content_type_id_2f476e4b ON public.auth_permission USING btree (content_type_id);


--
-- Name: auth_user_groups_group_id_97559544; Type: INDEX; Schema: public; Owner: postgres
--

CREATE INDEX auth_user_groups_group_id_97559544 ON public.auth_user_groups USING btree (group_id);


--
-- Name: auth_user_groups_user_id_6a12ed8b; Type: INDEX; Schema: public; Owner: postgres
--

CREATE INDEX auth_user_groups_user_id_6a12ed8b ON public.auth_user_groups USING btree (user_id);


--
-- Name: auth_user_user_permissions_permission_id_1fbb5f2c; Type: INDEX; Schema: public; Owner: postgres
--

CREATE INDEX auth_user_user_permissions_permission_id_1fbb5f2c ON public.auth_user_user_permissions USING btree (permission_id);


--
-- Name: auth_user_user_permissions_user_id_a95ead1b; Type: INDEX; Schema: public; Owner: postgres
--

CREATE INDEX auth_user_user_permissions_user_id_a95ead1b ON public.auth_user_user_permissions USING btree (user_id);


--
-- Name: auth_user_username_6821ab7c_like; Type: INDEX; Schema: public; Owner: postgres
--

CREATE INDEX auth_user_username_6821ab7c_like ON public.auth_user USING btree (username varchar_pattern_ops);


--
-- Name: django_admin_log_content_type_id_c4bce8eb; Type: INDEX; Schema: public; Owner: postgres
--

CREATE INDEX django_admin_log_content_type_id_c4bce8eb ON public.django_admin_log USING btree (content_type_id);


--
-- Name: django_admin_log_user_id_c564eba6; Type: INDEX; Schema: public; Owner: postgres
--

CREATE INDEX django_admin_log_user_id_c564eba6 ON public.django_admin_log USING btree (user_id);


--
-- Name: django_session_expire_date_a5c62663; Type: INDEX; Schema: public; Owner: postgres
--

CREATE INDEX django_session_expire_date_a5c62663 ON public.django_session USING btree (expire_date);


--
-- Name: django_session_session_key_c0390e0f_like; Type: INDEX; Schema: public; Owner: postgres
--

CREATE INDEX django_session_session_key_c0390e0f_like ON public.django_session USING btree (session_key varchar_pattern_ops);


--
-- Name: auth_group_permissions auth_group_permissio_permission_id_84c5c92e_fk_auth_perm; Type: FK CONSTRAINT; Schema: public; Owner: postgres
--

ALTER TABLE ONLY public.auth_group_permissions
    ADD CONSTRAINT auth_group_permissio_permission_id_84c5c92e_fk_auth_perm FOREIGN KEY (permission_id) REFERENCES public.auth_permission(id) DEFERRABLE INITIALLY DEFERRED;


--
-- Name: auth_group_permissions auth_group_permissions_group_id_b120cbf9_fk_auth_group_id; Type: FK CONSTRAINT; Schema: public; Owner: postgres
--

ALTER TABLE ONLY public.auth_group_permissions
    ADD CONSTRAINT auth_group_permissions_group_id_b120cbf9_fk_auth_group_id FOREIGN KEY (group_id) REFERENCES public.auth_group(id) DEFERRABLE INITIALLY DEFERRED;


--
-- Name: auth_permission auth_permission_content_type_id_2f476e4b_fk_django_co; Type: FK CONSTRAINT; Schema: public; Owner: postgres
--

ALTER TABLE ONLY public.auth_permission
    ADD CONSTRAINT auth_permission_content_type_id_2f476e4b_fk_django_co FOREIGN KEY (content_type_id) REFERENCES public.django_content_type(id) DEFERRABLE INITIALLY DEFERRED;


--
-- Name: auth_user_groups auth_user_groups_group_id_97559544_fk_auth_group_id; Type: FK CONSTRAINT; Schema: public; Owner: postgres
--

ALTER TABLE ONLY public.auth_user_groups
    ADD CONSTRAINT auth_user_groups_group_id_97559544_fk_auth_group_id FOREIGN KEY (group_id) REFERENCES public.auth_group(id) DEFERRABLE INITIALLY DEFERRED;


--
-- Name: auth_user_groups auth_user_groups_user_id_6a12ed8b_fk_auth_user_id; Type: FK CONSTRAINT; Schema: public; Owner: postgres
--

ALTER TABLE ONLY public.auth_user_groups
    ADD CONSTRAINT auth_user_groups_user_id_6a12ed8b_fk_auth_user_id FOREIGN KEY (user_id) REFERENCES public.auth_user(id) DEFERRABLE INITIALLY DEFERRED;


--
-- Name: auth_user_user_permissions auth_user_user_permi_permission_id_1fbb5f2c_fk_auth_perm; Type: FK CONSTRAINT; Schema: public; Owner: postgres
--

ALTER TABLE ONLY public.auth_user_user_permissions
    ADD CONSTRAINT auth_user_user_permi_permission_id_1fbb5f2c_fk_auth_perm FOREIGN KEY (permission_id) REFERENCES public.auth_permission(id) DEFERRABLE INITIALLY DEFERRED;


--
-- Name: auth_user_user_permissions auth_user_user_permissions_user_id_a95ead1b_fk_auth_user_id; Type: FK CONSTRAINT; Schema: public; Owner: postgres
--

ALTER TABLE ONLY public.auth_user_user_permissions
    ADD CONSTRAINT auth_user_user_permissions_user_id_a95ead1b_fk_auth_user_id FOREIGN KEY (user_id) REFERENCES public.auth_user(id) DEFERRABLE INITIALLY DEFERRED;


--
-- Name: django_admin_log django_admin_log_content_type_id_c4bce8eb_fk_django_co; Type: FK CONSTRAINT; Schema: public; Owner: postgres
--

ALTER TABLE ONLY public.django_admin_log
    ADD CONSTRAINT django_admin_log_content_type_id_c4bce8eb_fk_django_co FOREIGN KEY (content_type_id) REFERENCES public.django_content_type(id) DEFERRABLE INITIALLY DEFERRED;


--
-- Name: django_admin_log django_admin_log_user_id_c564eba6_fk_auth_user_id; Type: FK CONSTRAINT; Schema: public; Owner: postgres
--

ALTER TABLE ONLY public.django_admin_log
    ADD CONSTRAINT django_admin_log_user_id_c564eba6_fk_auth_user_id FOREIGN KEY (user_id) REFERENCES public.auth_user(id) DEFERRABLE INITIALLY DEFERRED;


--
-- PostgreSQL database dump complete
--

